INSERT INTO articles (id, name, price, description, stock, created_at) VALUES
  ('a1000001-0000-0000-0000-000000000001', 'Laptop Lenovo IdeaPad',       12999.00, 'Intel Core i5, 8 GB RAM, 512 GB SSD',          15, NOW()),
  ('a1000001-0000-0000-0000-000000000002', 'Mouse Logitech MX Master 3',    999.00, 'Inalámbrico, ergonómico, 7 botones',            30, NOW()),
  ('a1000001-0000-0000-0000-000000000003', 'Teclado Mecánico Redragon',    1349.00, 'Switch Red, retroiluminado RGB',                20, NOW()),
  ('a1000001-0000-0000-0000-000000000004', 'Monitor LG 24" Full HD',       3799.00, '24 pulgadas, IPS, 75 Hz, HDMI',                10, NOW()),
  ('a1000001-0000-0000-0000-000000000005', 'Auriculares Sony WH-1000XM5',  6499.00, 'Cancelación activa de ruido, Bluetooth 5.2',   12, NOW()),
  ('a1000001-0000-0000-0000-000000000006', 'Webcam Logitech C920',         1199.00, 'Full HD 1080p, micrófono estéreo integrado',   25, NOW()),
  ('a1000001-0000-0000-0000-000000000007', 'Hub USB-C 7 en 1',              649.00, 'HDMI 4K, USB 3.0, SD/MicroSD, PD 100W',        40, NOW()),
  ('a1000001-0000-0000-0000-000000000008', 'SSD Externo Samsung T7 1TB',   2299.00, 'USB 3.2, 1050 MB/s lectura, compacto',         18, NOW()),
  ('a1000001-0000-0000-0000-000000000009', 'Silla Gamer DxRacer',          5999.00, 'Soporte lumbar, reclinable 135°, cuero PU',     8, NOW()),
  ('a1000001-0000-0000-0000-000000000010', 'Pad de escritorio XL',          349.00, '90x40 cm, base antideslizante, costuras',      50, NOW()),
  ('a1000001-0000-0000-0000-000000000011', 'Lámpara de escritorio LED',     599.00, 'Regulable, USB, temperatura ajustable',        22, NOW()),
  ('a1000001-0000-0000-0000-000000000012', 'Soporte para laptop',           449.00, 'Aluminio, plegable, 6 alturas ajustables',     35, NOW())
ON CONFLICT (id) DO NOTHING;

INSERT INTO clients (id, name, email, phone, registered_at) VALUES
  ('c1000001-0000-0000-0000-000000000001', 'Ana García López',      'ana.garcia@email.com',    '722-100-0001', NOW() - INTERVAL '30 days'),
  ('c1000001-0000-0000-0000-000000000002', 'Carlos Mendoza Ruiz',   'carlos.mendoza@email.com','722-100-0002', NOW() - INTERVAL '25 days'),
  ('c1000001-0000-0000-0000-000000000003', 'Laura Torres Vega',     'laura.torres@email.com',  '722-100-0003', NOW() - INTERVAL '20 days'),
  ('c1000001-0000-0000-0000-000000000004', 'Miguel Sánchez Díaz',   'miguel.sanchez@email.com','722-100-0004', NOW() - INTERVAL '15 days'),
  ('c1000001-0000-0000-0000-000000000005', 'Sofía Ramírez Cruz',    'sofia.ramirez@email.com', '722-100-0005', NOW() - INTERVAL '10 days'),
  ('c1000001-0000-0000-0000-000000000006', 'Javier Flores Hernández','javier.flores@email.com','722-100-0006', NOW() - INTERVAL '5 days'),
  ('c1000001-0000-0000-0000-000000000007', 'Valentina Reyes Mora',  'vale.reyes@email.com',    '722-100-0007', NOW() - INTERVAL '3 days'),
  ('c1000001-0000-0000-0000-000000000008', 'Diego Ortiz Ávila',     'diego.ortiz@email.com',   '722-100-0008', NOW() - INTERVAL '1 day')
ON CONFLICT (id) DO NOTHING;


INSERT INTO sales (id, client_id, article_id, quantity, total, date) VALUES
  ('s1000001-0000-0000-0000-000000000001','c1000001-0000-0000-0000-000000000001','a1000001-0000-0000-0000-000000000001',1,12999.00, NOW() - INTERVAL '28 days'),
  ('s1000001-0000-0000-0000-000000000002','c1000001-0000-0000-0000-000000000001','a1000001-0000-0000-0000-000000000002',1,  999.00, NOW() - INTERVAL '28 days'),
  ('s1000001-0000-0000-0000-000000000003','c1000001-0000-0000-0000-000000000002','a1000001-0000-0000-0000-000000000004',2, 7598.00, NOW() - INTERVAL '22 days'),
  ('s1000001-0000-0000-0000-000000000004','c1000001-0000-0000-0000-000000000002','a1000001-0000-0000-0000-000000000007',1,  649.00, NOW() - INTERVAL '21 days'),
  ('s1000001-0000-0000-0000-000000000005','c1000001-0000-0000-0000-000000000003','a1000001-0000-0000-0000-000000000005',1, 6499.00, NOW() - INTERVAL '18 days'),
  ('s1000001-0000-0000-0000-000000000006','c1000001-0000-0000-0000-000000000004','a1000001-0000-0000-0000-000000000003',1, 1349.00, NOW() - INTERVAL '13 days'),
  ('s1000001-0000-0000-0000-000000000007','c1000001-0000-0000-0000-000000000004','a1000001-0000-0000-0000-000000000010',2,  698.00, NOW() - INTERVAL '13 days'),
  ('s1000001-0000-0000-0000-000000000008','c1000001-0000-0000-0000-000000000005','a1000001-0000-0000-0000-000000000008',1, 2299.00, NOW() - INTERVAL '9 days'),
  ('s1000001-0000-0000-0000-000000000009','c1000001-0000-0000-0000-000000000006','a1000001-0000-0000-0000-000000000009',1, 5999.00, NOW() - INTERVAL '4 days'),
  ('s1000001-0000-0000-0000-000000000010','c1000001-0000-0000-0000-000000000007','a1000001-0000-0000-0000-000000000011',1,  599.00, NOW() - INTERVAL '2 days'),
  ('s1000001-0000-0000-0000-000000000011','c1000001-0000-0000-0000-000000000007','a1000001-0000-0000-0000-000000000012',1,  449.00, NOW() - INTERVAL '2 days'),
  ('s1000001-0000-0000-0000-000000000012','c1000001-0000-0000-0000-000000000008','a1000001-0000-0000-0000-000000000006',1, 1199.00, NOW() - INTERVAL '1 day')
ON CONFLICT (id) DO NOTHING;

UPDATE articles SET stock = stock - 1  WHERE id = 'a1000001-0000-0000-0000-000000000001';
UPDATE articles SET stock = stock - 1  WHERE id = 'a1000001-0000-0000-0000-000000000002';
UPDATE articles SET stock = stock - 2  WHERE id = 'a1000001-0000-0000-0000-000000000004';
UPDATE articles SET stock = stock - 1  WHERE id = 'a1000001-0000-0000-0000-000000000007';
UPDATE articles SET stock = stock - 1  WHERE id = 'a1000001-0000-0000-0000-000000000005';
UPDATE articles SET stock = stock - 1  WHERE id = 'a1000001-0000-0000-0000-000000000003';
UPDATE articles SET stock = stock - 2  WHERE id = 'a1000001-0000-0000-0000-000000000010';
UPDATE articles SET stock = stock - 1  WHERE id = 'a1000001-0000-0000-0000-000000000008';
UPDATE articles SET stock = stock - 1  WHERE id = 'a1000001-0000-0000-0000-000000000009';
UPDATE articles SET stock = stock - 1  WHERE id = 'a1000001-0000-0000-0000-000000000011';
UPDATE articles SET stock = stock - 1  WHERE id = 'a1000001-0000-0000-0000-000000000012';
UPDATE articles SET stock = stock - 1  WHERE id = 'a1000001-0000-0000-0000-000000000006';